Model,Test MAE,Test RMSE,Test R²,Test Dir. Acc.,Test Spearman,Test Top-20% Hit Rate
Ridge-Daily,0.0545,0.0734,0.0176,0.5547,0.0429,0.3014
Ridge-OHLCV,0.0547,0.0739,0.004,0.5615,0.0487,0.2727
RF-Daily,0.0548,0.0739,0.0042,0.5635,0.0515,0.3636
RF-OHLCV,0.0547,0.0738,0.0052,0.5654,0.0818,0.3732
XGB-Daily,0.0551,0.074,0.001,0.5361,0.0553,0.3206
XGB-OHLCV,0.0552,0.0744,-0.0115,0.5547,0.038,0.2967
MLP-Daily,0.055,0.0744,-0.0105,0.5488,0.0819,0.3062
MLP-OHLCV,0.055,0.0744,-0.0096,0.5723,-0.042,0.2488
LSTM-Daily,0.0548,0.0743,-0.0014,0.5515,0.0217,0.1967
