Model,Train MAE,Train RMSE,Train R²,Train Dir. Acc.,Train Spearman,Train Top-20% Hit Rate,Test MAE,Test RMSE,Test R²,Test Dir. Acc.,Test Spearman,Test Top-20% Hit Rate
Ridge-Daily,0.0591,0.081,0.0175,0.5305,0.0193,0.2773,0.0545,0.0734,0.0176,0.5547,0.0429,0.3014
Ridge-OHLCV,0.0589,0.0806,0.0234,0.5361,0.0275,0.2806,0.0547,0.0739,0.004,0.5615,0.0487,0.2727
RF-Daily,0.0583,0.0792,0.0592,0.546,0.0759,0.3014,0.0548,0.0739,0.0042,0.5635,0.0515,0.3636
RF-OHLCV,0.0581,0.0789,0.0638,0.547,0.0926,0.2987,0.0547,0.0738,0.0052,0.5654,0.0818,0.3732
XGB-Daily,0.0541,0.0713,0.239,0.605,0.2786,0.3781,0.0551,0.074,0.001,0.5361,0.0553,0.3206
XGB-OHLCV,0.0532,0.0698,0.2674,0.6214,0.3171,0.3872,0.0552,0.0744,-0.0115,0.5547,0.038,0.2967
MLP-Daily,0.0578,0.078,0.0879,0.5554,0.0751,0.2839,0.055,0.0744,-0.0105,0.5488,0.0819,0.3062
MLP-OHLCV,0.0576,0.0777,0.0932,0.5476,0.0829,0.2706,0.055,0.0744,-0.0096,0.5723,-0.042,0.2488
LSTM-Daily,0.0579,0.0793,0.0617,0.5552,-0.0013,0.2051,0.0548,0.0743,-0.0014,0.5515,0.0217,0.1967
